{
    "status": "success",
    "data": {
        "id": 1,
        "title": "My Survey",
        "description": "Answer the questions",
        "questions": [
            {
                "id": "1b",
                "question": "What's your name?",
                "answers": [
                    { "id": "1ba", "type": "text", "answer": "", "subtype": "alphabeticExtended" }
                ],
                "validateIfFilled": "",
                "sort": 1
            },
            {
                "id": "1c",
                "question": "What's your email address?",
                "answers": [
                    { "id": "1c", "type": "text", "answer": "", "subtype": "email" }
                ],
                "required": "",
                "sort": 2
            },
            {
                "id": "2",
                "question": "Waht's your most important hobby/interest?",
                "answers": [
                    { "id": "6", "type": "radio", "answer": "Music", "sort": 5 },
                    { "id": "7", "type": "radio", "answer": "Photography", "sort": 2 },
                    { "id": "8", "type": "radio", "answer": "Technology", "sort": 3 },
                    { "id": "9", "type": "radio", "answer": "Games", "sort": 4 },
                    { "id": "10", "type": "radio", "answer": "Reading", "sort": 1 },
                    { "id": "11", "type": "radio", "answer": "Wellness", "sort": 6 },
                    {
                        "id": "100", "type": "radio", "answer": "Other...", "sort": 7,
                        "attribute": { "id": "", "type": "text", "answers": "" }
                    }
                ],
                "required": "",
                "sort": 3
            },
            {
                "id": "3",
                "question": "Describe your daily routine in 300 chars:",
                "answers": [
                    { "id": "18", "type": "textarea", "answer": "", "maxlength": 300 }
                ],
                "sort": 4
            },
            {
                "id": "6",
                "question": "How do you prefer to interact with us?",
                "answers": [
                    {
                        "id": "21", "type": "radio", "answer": "Website 1",
                        "nested": [
                            { "id": "21a", "type": "radio", "answer": "Pc", "sort": 1 },
                            { "id": "21b", "type": "radio", "answer": "Smartphone", "sort": 2 },
                            { "id": "21c", "type": "radio", "answer": "Tablet", "sort": 3 }
                        ], "sort": 1
                    },
                    {
                        "id": "21aPlus", "type": "radio", "answer": "Website 2",
                        "attribute": [
                            { "id": "21aa", "type": "option", "answer": "Pc", "sort": 1 },
                            { "id": "21ba", "type": "option", "answer": "Smartphone", "sort": 2 },
                            { "id": "21ca", "type": "option", "answer": "Tablet", "sort": 3 }
                        ], "sort": 6
                    },
                    { "id": "24", "type": "radio", "answer": "App", "sort": 3 },
                    { "id": "25", "type": "radio", "answer": "Phone", "sort": 4 }
                ],
                "required": "",
                "sort": 5
            },
            {
                "id": "8",
                "question": "What do you like about this survey?",
                "answers": [
                    { "id": "43", "type": "checkbox", "answer": "Clear of communication", "sort": 1 },
                    { "id": "44", "type": "checkbox", "answer": "Simplicity of usage", "sort": 2 },
                    { "id": "45", "type": "checkbox", "answer": "Graphic style and language", "sort": 3 },
                    { "id": "46", "type": "checkbox", "answer": "Duration", "sort": 4 }
                ],
                "checks": "[1,2]",
                "required": "",
                "sort": 6
            },
            {
                "id": "10",
                "question": "How much do you like pizza?",
                "answers": [
                            { "id": "", "type": "option", "answer": "Give your last answer...", "sort": 1 },
                            { "id": "160", "type": "option", "answer": "Not much", "sort": 2 },
                            { "id": "161", "type": "option", "answer": "Medium", "sort": 3 },
                            { "id": "162", "type": "option", "answer": "Much", "sort": 4 },
                            { "id": "163", "type": "option", "answer": "True love", "sort": 5 }
                ],
                "required": "",
                "sort": 7
            },
            {
                "id": "22",
                "question": "hidden-privacy",
                "answers": [
                            { "id": "44", "type": "radio", "answer": "Yes", "sort": 1 },
                            { "id": "45", "type": "radio", "answer": "No", "sort": 2 }
                ],
                "required": "",
                "sort": 8
            }
        ]
    }
}